Rank,Protein,Nucleotide_Mutation,Amino_Acid_Mutation,Selection,Location,Associated variants,Phenotypic effect,Neutralization Resistance (RBD/NTD),Immune Evasion (IFN-mediated/T cell),Viral Replication/Infectivity,ACE2 Binding/Cell Entry,Proteolytic Activity/Structural Stability,Interferon antagonism,Standard_deviation,Alpha,BA.1,BA.1.1,BA.2,BA.2.12.1,BA.2.75,BA.2.86,BA.4,BA.5,BQ.1,Beta,Delta,E.G.5.1,EG.5.1,Epsilon,Eta,Gamma,HK.3,Iota,JN.1,Kappa,Lambda,Mu,XBB,XBB.1.5,nan
1,S,T23018C/ T23019C,F486P,16.9,RBM,XBB XBB.1.5 E.G.5.1 BA.2.86 JN.1,Reduces recognition by neutralizing antibodies qu2023enhanced,TRUE,FALSE,FALSE,FALSE,FALSE,FALSE,0.8,FALSE,FALSE,FALSE,FALSE,FALSE,FALSE,TRUE,FALSE,FALSE,FALSE,FALSE,FALSE,TRUE,TRUE,FALSE,FALSE,FALSE,FALSE,FALSE,TRUE,FALSE,FALSE,FALSE,FALSE,TRUE,FALSE
2,NSP4,C10029T,T492I,16.6,,Delta Lambda Mu BA.1 BA.2 BA.4 BA.5 XBB XBB.1.5 EG.5.1 BA.2.86 JN.1,Increased viral replication capacity and infectivity  cleavage efficiency of the viral protease  and antibody evasion Lin2023,TRUE,FALSE,TRUE,FALSE,TRUE,FALSE,0.9,FALSE,TRUE,FALSE,FALSE,FALSE,FALSE,FALSE,FALSE,FALSE,FALSE,FALSE,TRUE,FALSE,FALSE,FALSE,FALSE,FALSE,FALSE,FALSE,FALSE,FALSE,TRUE,TRUE,FALSE,FALSE,FALSE
3,NSP6,T11288-90,S106-,16.5,,Alpha Beta Gamma Eta Iota Lambda BA.2 BA.4 BA.5 XBB XBB.1.5 EG.5.1 BA.2.86 JN.1,*Increased transmission by interferon antagonism Trueia2020,FALSE,FALSE,FALSE,FALSE,FALSE,TRUE,0.8,TRUE,TRUE,FALSE,FALSE,FALSE,FALSE,FALSE,FALSE,FALSE,FALSE,TRUE,FALSE,FALSE,FALSE,FALSE,TRUE,TRUE,FALSE,TRUE,FALSE,FALSE,TRUE,FALSE,FALSE,FALSE,FALSE
4,S,A23055G,Q498R,16.2,RBM,BA.1 BA.2 BA.4 BA.5 XBB XBB.1.5 EG.5.1 BA.2.86 JN.1,Increased ACE2 binding and resistance to nAbs Cui2022 Hong2022,TRUE,FALSE,FALSE,TRUE,FALSE,FALSE,1.7,FALSE,TRUE,FALSE,FALSE,FALSE,FALSE,FALSE,FALSE,FALSE,FALSE,FALSE,FALSE,FALSE,FALSE,FALSE,FALSE,FALSE,FALSE,FALSE,FALSE,FALSE,FALSE,FALSE,FALSE,FALSE,FALSE
5,S,A24424T,Q954H,14,HR1,BA.1 BA.2 BA.4 BA.5 XBB XBB.1.5 EG.5.1 BA.2.86 JN.1,Increased infectivity in vitro Ramirez2021,FALSE,FALSE,TRUE,FALSE,FALSE,FALSE,1,FALSE,TRUE,FALSE,FALSE,FALSE,FALSE,FALSE,FALSE,FALSE,FALSE,FALSE,FALSE,FALSE,FALSE,FALSE,FALSE,FALSE,FALSE,FALSE,FALSE,FALSE,FALSE,FALSE,FALSE,FALSE,FALSE
6,S,T22942A,N460K,13.8,RBM,XBB XBB.1.5 EG.5.1 HK.3 BA.2.86 JN.1,Enhanced neutralization resistance  enhanced spike processing and cell-cell fusion  improves ACE2 binding  qu2022evasion,TRUE,FALSE,FALSE,TRUE,FALSE,FALSE,0.9,FALSE,FALSE,FALSE,FALSE,FALSE,FALSE,TRUE,FALSE,FALSE,FALSE,FALSE,FALSE,FALSE,TRUE,FALSE,FALSE,FALSE,TRUE,FALSE,TRUE,FALSE,FALSE,FALSE,TRUE,TRUE,FALSE
7,S,C23604G,P681R,13.6,FCS,Delta Kappa BA.2.86 JN.1,Enhanced cleavage  fusogenicity  and pathogenicity Saito2021,FALSE,FALSE,FALSE,FALSE,TRUE,FALSE,0.9,FALSE,FALSE,FALSE,FALSE,FALSE,FALSE,TRUE,FALSE,FALSE,FALSE,FALSE,TRUE,FALSE,FALSE,FALSE,FALSE,FALSE,FALSE,FALSE,TRUE,TRUE,FALSE,FALSE,FALSE,FALSE,FALSE
8,S,G22599C,R346T,13.5,RBD,XBB XBB.1.5 EG.5.1 HK.3,Evasion of antibody recognition  qu2023enhanced,TRUE,FALSE,FALSE,FALSE,FALSE,FALSE,0.5,FALSE,FALSE,FALSE,FALSE,FALSE,FALSE,FALSE,FALSE,FALSE,FALSE,FALSE,FALSE,FALSE,TRUE,FALSE,FALSE,FALSE,TRUE,FALSE,FALSE,FALSE,FALSE,FALSE,TRUE,TRUE,FALSE
9,S,T24469A,N969K,13.2,HR1,BA.1 BA.2 BA.4 BA.5 XBB XBB.1.5 EG.5.1 BA.2.86 JN.1,Improved structural stability Cui2022,FALSE,FALSE,FALSE,FALSE,TRUE,FALSE,0.6,FALSE,TRUE,FALSE,FALSE,FALSE,FALSE,FALSE,FALSE,FALSE,FALSE,FALSE,FALSE,FALSE,FALSE,FALSE,FALSE,FALSE,FALSE,FALSE,FALSE,FALSE,FALSE,FALSE,FALSE,FALSE,FALSE
10,S,T23599A,N679K,12.6,FCS,BA.1 BA.2 BA.4 BA.5 XBB XBB.1.5 EG.5.1 BA.2.86 JN.1,*Increased Ôªøproteolytic activation Cui2022,FALSE,FALSE,FALSE,FALSE,TRUE,FALSE,0.6,FALSE,TRUE,FALSE,FALSE,FALSE,FALSE,FALSE,FALSE,FALSE,FALSE,FALSE,FALSE,FALSE,FALSE,FALSE,FALSE,FALSE,FALSE,FALSE,FALSE,FALSE,FALSE,FALSE,FALSE,FALSE,FALSE
11,S,G22927C,L455F,12.3,RBM,HK.3,Enhanced resistance to immune sera wang_virology_2022   increased ACE2 binding focosi_2024_nanomaterials,TRUE,FALSE,FALSE,TRUE,FALSE,FALSE,0.4,FALSE,FALSE,FALSE,FALSE,FALSE,FALSE,FALSE,FALSE,FALSE,FALSE,FALSE,FALSE,FALSE,FALSE,FALSE,FALSE,FALSE,TRUE,FALSE,FALSE,FALSE,FALSE,FALSE,FALSE,FALSE,FALSE
12,S,C23525T,H655Y,11.7,FCS,Gamma BA.1 BA.2 BA.4 BA.5 XBB XBB.1.5 EG.5.1 BA.2.86 JN.1,Increased viral replication  spike protein cleavage  and transmission in vivo Escalera2022,FALSE,FALSE,TRUE,FALSE,TRUE,FALSE,0.9,FALSE,TRUE,FALSE,FALSE,FALSE,FALSE,FALSE,FALSE,FALSE,FALSE,FALSE,FALSE,FALSE,FALSE,FALSE,FALSE,TRUE,FALSE,FALSE,FALSE,FALSE,FALSE,FALSE,FALSE,FALSE,FALSE
13,N,G28881T,R203M,11.4,,Delta Kappa,Enhanced replication  RNA delivery and packaging Syed2021,FALSE,FALSE,TRUE,FALSE,TRUE,FALSE,1.2,FALSE,FALSE,FALSE,FALSE,FALSE,FALSE,FALSE,FALSE,FALSE,FALSE,FALSE,TRUE,FALSE,FALSE,FALSE,FALSE,FALSE,FALSE,FALSE,FALSE,TRUE,FALSE,FALSE,FALSE,FALSE,FALSE
14,S,G22599A,R346K,10.3,RBD,Mu,Reduced neutralization Iketani2022,TRUE,FALSE,FALSE,FALSE,FALSE,FALSE,0.5,FALSE,TRUE,TRUE,FALSE,FALSE,FALSE,FALSE,FALSE,FALSE,FALSE,FALSE,FALSE,FALSE,TRUE,FALSE,FALSE,FALSE,TRUE,FALSE,FALSE,FALSE,FALSE,TRUE,TRUE,TRUE,FALSE
15,S,A23063T,N501Y,10.1,RBM,Alpha Beta Gamma Mu BA.1 BA.2 BA.4 BA.5 XBB XBB.1.5 EG.5.1 BA.2.86 JN.1,Increased infection  transmission   ACE2 binding  and resistance to nAbs Cui2022,TRUE,FALSE,TRUE,FALSE,FALSE,FALSE,1.1,TRUE,TRUE,FALSE,FALSE,FALSE,FALSE,FALSE,FALSE,FALSE,FALSE,TRUE,FALSE,FALSE,FALSE,FALSE,FALSE,TRUE,FALSE,FALSE,FALSE,FALSE,FALSE,TRUE,FALSE,FALSE,FALSE
16,S,C21618G,T19R,9.2,NTD,Delta,*Increased resistance to NTD-specific nAbs Liu2021 McCallum2021,TRUE,FALSE,FALSE,FALSE,FALSE,FALSE,0.7,FALSE,FALSE,FALSE,FALSE,FALSE,FALSE,FALSE,FALSE,FALSE,FALSE,FALSE,TRUE,FALSE,FALSE,FALSE,FALSE,FALSE,FALSE,FALSE,FALSE,FALSE,FALSE,FALSE,FALSE,FALSE,FALSE
17,NSP12,G15451A,G671S,9.1,,Delta XBB XBB.1.5 EG.5.1 HK.3,,FALSE,FALSE,FALSE,FALSE,FALSE,FALSE,0.6,FALSE,FALSE,FALSE,FALSE,FALSE,FALSE,FALSE,FALSE,FALSE,FALSE,FALSE,TRUE,FALSE,TRUE,FALSE,FALSE,FALSE,TRUE,FALSE,FALSE,FALSE,FALSE,FALSE,TRUE,TRUE,FALSE
18,S,T22928C,F456L,8.9,RBM,HK.3 EG.5.1,Enhanced resistance to immune sera wang_virology_2022   increased ACE2 binding focosi_2024_nanomaterials,TRUE,FALSE,FALSE,TRUE,FALSE,FALSE,0.9,FALSE,FALSE,FALSE,FALSE,FALSE,FALSE,FALSE,FALSE,FALSE,FALSE,FALSE,FALSE,FALSE,FALSE,FALSE,FALSE,FALSE,TRUE,FALSE,FALSE,FALSE,FALSE,FALSE,FALSE,FALSE,FALSE
19,S,C21618T,T19I,8.7,NTD,BA.2 BA.4 BA.5 XBB XBB.1.5 EG.5.1 BA.2.86 JN.1,*Increased resistance to NTD-specific nAbs Liu2021 McCallum2021,TRUE,FALSE,FALSE,FALSE,FALSE,FALSE,1.3,FALSE,FALSE,FALSE,TRUE,FALSE,FALSE,FALSE,FALSE,FALSE,FALSE,FALSE,FALSE,FALSE,FALSE,FALSE,FALSE,FALSE,FALSE,FALSE,FALSE,FALSE,FALSE,FALSE,FALSE,FALSE,FALSE
20,S,A22910G,N450D,8.3,RBM,BA.2.86 JN.1,Increased ACE2 binding tamura2024virological,FALSE,FALSE,FALSE,TRUE,FALSE,FALSE,0.6,FALSE,FALSE,FALSE,FALSE,FALSE,FALSE,TRUE,FALSE,FALSE,FALSE,FALSE,FALSE,FALSE,FALSE,FALSE,FALSE,FALSE,FALSE,FALSE,TRUE,FALSE,FALSE,FALSE,FALSE,FALSE,FALSE
21,S,C22995G,T478K,8.2,RBM,Delta BA.1 BA.2 BA.4 BA.5 XBB XBB.1.5 EG.5.1 BA.2.86 JN.1,T478K enhances ACE2 binding sinha2021rbd   and enhances neutralization resistance cheng2021cross,TRUE,FALSE,FALSE,TRUE,FALSE,FALSE,0.8,FALSE,TRUE,FALSE,FALSE,FALSE,FALSE,FALSE,FALSE,FALSE,FALSE,FALSE,FALSE,FALSE,FALSE,FALSE,FALSE,FALSE,FALSE,FALSE,FALSE,FALSE,FALSE,FALSE,FALSE,FALSE,FALSE
22,S,C22916A,L452M,8.2,RBM,,Increased RBD eTruepression (stability) Starr2022   increased resistance to nAbs mutation_impact_2020 Cao2022   and increased cell entry Deng2021,TRUE,FALSE,FALSE,TRUE,FALSE,FALSE,0.6,FALSE,FALSE,FALSE,FALSE,FALSE,FALSE,FALSE,FALSE,FALSE,FALSE,FALSE,FALSE,FALSE,FALSE,FALSE,FALSE,FALSE,FALSE,FALSE,FALSE,FALSE,FALSE,FALSE,FALSE,FALSE,TRUE
23,NSP6,T11296G,F108L,7.6,,,*Increased transmission by interferon antagonism  Trueia2020,FALSE,FALSE,FALSE,FALSE,FALSE,TRUE,1,FALSE,FALSE,FALSE,FALSE,FALSE,FALSE,FALSE,FALSE,FALSE,FALSE,FALSE,FALSE,FALSE,FALSE,FALSE,FALSE,FALSE,FALSE,FALSE,FALSE,FALSE,FALSE,FALSE,FALSE,FALSE,TRUE
24,S,Delta21986-88,G142-,7.6,NTD,,*Increased resistance to NTD-speciÔ¨Åc nAbs Suryadevara2021,TRUE,FALSE,FALSE,FALSE,FALSE,FALSE,1,FALSE,TRUE,FALSE,FALSE,FALSE,FALSE,FALSE,FALSE,FALSE,FALSE,FALSE,FALSE,FALSE,FALSE,FALSE,FALSE,FALSE,FALSE,FALSE,FALSE,FALSE,FALSE,FALSE,FALSE,FALSE,FALSE
25,S,C22033A,F157L,7.4,NTD,BA.2.75,In epitope recognized by neutralizing antibodies alkhatib_microbiology_2021,TRUE,FALSE,FALSE,FALSE,FALSE,FALSE,0.3,FALSE,FALSE,FALSE,FALSE,FALSE,TRUE,FALSE,FALSE,FALSE,FALSE,FALSE,FALSE,FALSE,FALSE,FALSE,FALSE,FALSE,FALSE,FALSE,FALSE,FALSE,FALSE,FALSE,FALSE,FALSE,FALSE
26,S,A22893G,K444R,7.3,RBM,,Increased resistance to immune sera wang_virology_2022   evasion of antibody recognition qu2023enhanced,TRUE,FALSE,FALSE,FALSE,FALSE,FALSE,0.5,FALSE,FALSE,FALSE,FALSE,FALSE,FALSE,FALSE,FALSE,FALSE,FALSE,FALSE,FALSE,FALSE,FALSE,FALSE,FALSE,FALSE,FALSE,FALSE,FALSE,FALSE,FALSE,FALSE,FALSE,FALSE,TRUE
27,N,G28881A,R203K,7.2,,Alpha Gamma Lambda BA.1 BA.2 BA.4 BA.5 XBB XBB.1.5 EG.5.1 BA.2.86 JN.1,Enhanced replication  RNA delivery and packaging  Syed2021,FALSE,FALSE,TRUE,FALSE,TRUE,FALSE,1,TRUE,TRUE,FALSE,FALSE,FALSE,FALSE,FALSE,FALSE,FALSE,FALSE,FALSE,FALSE,FALSE,FALSE,FALSE,FALSE,TRUE,FALSE,FALSE,FALSE,FALSE,TRUE,FALSE,FALSE,FALSE,FALSE
28,S,T22031-,F157-,7.2,NTD,Delta,In epitope recognized by neutralizing antibodies alkhatib_microbiology_2021,TRUE,FALSE,FALSE,FALSE,FALSE,FALSE,0.5,FALSE,FALSE,FALSE,FALSE,FALSE,FALSE,FALSE,FALSE,FALSE,FALSE,FALSE,TRUE,FALSE,FALSE,FALSE,FALSE,FALSE,FALSE,FALSE,FALSE,FALSE,FALSE,FALSE,FALSE,FALSE,FALSE
29,S,G22577C,G339H,7.2,RBD,XBB XBB.1.5 BA.2.75 EG.5.1 HK.3 BA.2.86 JN.1,G339D Interferes with T-cell response Li_2022_Virology,FALSE,TRUE,FALSE,FALSE,FALSE,FALSE,0.7,FALSE,FALSE,FALSE,FALSE,FALSE,TRUE,TRUE,FALSE,FALSE,FALSE,FALSE,FALSE,FALSE,TRUE,FALSE,FALSE,FALSE,TRUE,FALSE,TRUE,FALSE,FALSE,FALSE,FALSE,TRUE,FALSE
30,S,T23018G,F486V,7.2,RBM,BA.4 BA.5,Increased ACE2 binding and resistance to nAbs Greaney2021 Tuekprakhon2022,TRUE,FALSE,FALSE,TRUE,FALSE,FALSE,0.5,FALSE,FALSE,FALSE,FALSE,FALSE,FALSE,FALSE,TRUE,TRUE,FALSE,FALSE,FALSE,FALSE,FALSE,FALSE,FALSE,FALSE,FALSE,FALSE,FALSE,FALSE,FALSE,FALSE,FALSE,FALSE,FALSE
31,S,T22917A,L452Q,7.1,RBM,Lambda BA.2.12.1,Increased RBD eTruepression (stability) Starr2022   increased resistance to nAbs mutation_impact_2020 Cao2022   and increased cell entry Deng2021,TRUE,FALSE,FALSE,TRUE,FALSE,FALSE,0.4,FALSE,FALSE,FALSE,FALSE,TRUE,FALSE,FALSE,FALSE,FALSE,FALSE,FALSE,FALSE,FALSE,FALSE,FALSE,FALSE,FALSE,FALSE,FALSE,FALSE,FALSE,TRUE,FALSE,FALSE,FALSE,FALSE
32,S,T22896A,V445H,7,RBM,BA.2.86 JN.1,Enhanced resistance to immune sera wang_virology_2022   increased ACE2 binding focosi_2024_nanomaterials,TRUE,FALSE,FALSE,TRUE,FALSE,FALSE,0.7,FALSE,FALSE,FALSE,FALSE,FALSE,FALSE,TRUE,FALSE,FALSE,FALSE,FALSE,FALSE,FALSE,FALSE,FALSE,FALSE,FALSE,FALSE,FALSE,TRUE,FALSE,FALSE,FALSE,FALSE,FALSE,FALSE
33,S,A22629C,K356T,7,RBD,BA.2.86 JN.1,Neutralization of immune sera ragonnet2023nature_communications,TRUE,FALSE,FALSE,FALSE,FALSE,FALSE,0.4,FALSE,FALSE,FALSE,FALSE,FALSE,FALSE,TRUE,FALSE,FALSE,FALSE,FALSE,FALSE,FALSE,FALSE,FALSE,FALSE,FALSE,FALSE,FALSE,TRUE,FALSE,FALSE,FALSE,FALSE,FALSE,FALSE
34,S,C23854A,N764K,6.9,,BA.1 BA.2 BA.4 BA.5 XBB XBB.1.5 EG.5.1 BA.2.86 JN.1,Improved structural stability Wang2022  Cerutti2022,FALSE,FALSE,FALSE,FALSE,TRUE,FALSE,1.5,FALSE,TRUE,FALSE,FALSE,FALSE,FALSE,FALSE,FALSE,FALSE,FALSE,FALSE,FALSE,FALSE,FALSE,FALSE,FALSE,FALSE,FALSE,FALSE,FALSE,FALSE,FALSE,FALSE,FALSE,FALSE,FALSE
35,N,Delta28367-69,R32-,6.9,,BA.1 BA.2 BA.4 BA.5 XBB XBB.1.5 EG.5.1 BA.2.86 JN.1,,FALSE,FALSE,FALSE,FALSE,FALSE,FALSE,1.4,FALSE,TRUE,FALSE,FALSE,FALSE,FALSE,FALSE,FALSE,FALSE,FALSE,FALSE,FALSE,FALSE,FALSE,FALSE,FALSE,FALSE,FALSE,FALSE,FALSE,FALSE,FALSE,FALSE,FALSE,FALSE,FALSE
36,S,C23604A,P681H,6.7,FCS,Alpha Mu BA.1 BA.2 BA.4 BA.5 XBB XBB.1.5 EG.5.1,Enhanced cleavage Mohammad2021  and increased resistance to interferon-induced immunity Lista2021   leading to increased replication and/or transmission,FALSE,TRUE,TRUE,FALSE,TRUE,FALSE,0.9,TRUE,TRUE,FALSE,FALSE,FALSE,FALSE,FALSE,FALSE,FALSE,FALSE,FALSE,FALSE,FALSE,FALSE,FALSE,FALSE,FALSE,FALSE,FALSE,FALSE,FALSE,FALSE,TRUE,FALSE,FALSE,FALSE
37,S,G22898A,G446S,6.6,RBM,BA.1 XBB XBB.1.5 EG.5.1 HK.3 BA.2.86 JN.1,enhanced resistance to neutralizing antibodies qu2022evasion,TRUE,FALSE,FALSE,FALSE,FALSE,FALSE,0.9,FALSE,FALSE,FALSE,FALSE,FALSE,FALSE,TRUE,FALSE,FALSE,FALSE,FALSE,FALSE,FALSE,TRUE,FALSE,FALSE,FALSE,TRUE,FALSE,TRUE,FALSE,FALSE,FALSE,TRUE,TRUE,FALSE
38,NSP6,T11288A,S106T,6.6,,,*Increased transmission by interferon antagonism Trueia2020,FALSE,FALSE,FALSE,FALSE,FALSE,TRUE,0.6,FALSE,FALSE,FALSE,FALSE,FALSE,FALSE,FALSE,FALSE,FALSE,FALSE,FALSE,FALSE,FALSE,FALSE,FALSE,FALSE,FALSE,FALSE,FALSE,FALSE,FALSE,FALSE,FALSE,FALSE,FALSE,TRUE
39,N,C28311T,P13L,6.5,,Lambda BA.1 BA.2 BA.4 BA.5 XBB XBB.1.5 EG.5.1 BA.2.86 JN.1,Escape from a HLA-B*27:05 CD8^+ T cell epitope DeSilva2021,FALSE,TRUE,FALSE,FALSE,FALSE,FALSE,1.4,FALSE,TRUE,FALSE,FALSE,FALSE,FALSE,FALSE,FALSE,FALSE,FALSE,FALSE,FALSE,FALSE,FALSE,FALSE,FALSE,FALSE,FALSE,FALSE,FALSE,FALSE,TRUE,FALSE,FALSE,FALSE,FALSE
40,S,G23948T,D796Y,6.4,,BA.1 BA.2 BA.4 BA.5 XBB XBB.1.5 EG.5.1 BA.2.86 JN.1,Improved structural stability Cui2022  and antibody evasion Elko2023,TRUE,FALSE,FALSE,FALSE,TRUE,FALSE,1,FALSE,TRUE,FALSE,FALSE,FALSE,FALSE,FALSE,FALSE,FALSE,FALSE,FALSE,FALSE,FALSE,FALSE,FALSE,FALSE,FALSE,FALSE,FALSE,FALSE,FALSE,FALSE,FALSE,FALSE,FALSE,FALSE
41,N,C28367T,R32C,6.4,,,Alters frustration state of virus and may affect stability  function  and pathogenicity Haque_2023_biotech,FALSE,FALSE,FALSE,FALSE,TRUE,FALSE,1.7,FALSE,FALSE,FALSE,FALSE,FALSE,FALSE,FALSE,FALSE,FALSE,FALSE,FALSE,FALSE,FALSE,FALSE,FALSE,FALSE,FALSE,FALSE,FALSE,FALSE,FALSE,FALSE,FALSE,FALSE,FALSE,TRUE
42,S,C22674T,S371F,6.2,RBD,BA.2 BA.4 BA.5 XBB XBB.1.5 EG.5.1 BA.2.86 JN.1,Increased resistance to nAbs Cao2022b Cao2022,TRUE,FALSE,FALSE,FALSE,FALSE,FALSE,0.6,FALSE,FALSE,FALSE,TRUE,FALSE,FALSE,FALSE,FALSE,FALSE,FALSE,FALSE,FALSE,FALSE,FALSE,FALSE,FALSE,FALSE,FALSE,FALSE,FALSE,FALSE,FALSE,FALSE,FALSE,FALSE,FALSE
43,S,T22917G,L452R,6.1,RBM,Delta Kappa Epsilon BA.4 BA.5,Increased RBD eTruepression (stability) Starr2022   increased resistance to nAbs mutation_impact_2020   and increased cell entry Cao2022,TRUE,FALSE,FALSE,TRUE,FALSE,FALSE,0.6,FALSE,FALSE,FALSE,FALSE,FALSE,FALSE,FALSE,TRUE,TRUE,FALSE,FALSE,TRUE,FALSE,FALSE,TRUE,FALSE,FALSE,FALSE,FALSE,FALSE,TRUE,FALSE,FALSE,FALSE,FALSE,FALSE
44,S,A22893C,K444T,6.1,RBM,BQ.1,Increased resistance to immune sera wang_virology_2022   evasion of antibody recognition qu2023enhanced,TRUE,FALSE,FALSE,FALSE,FALSE,FALSE,0.7,FALSE,FALSE,FALSE,FALSE,FALSE,FALSE,FALSE,FALSE,FALSE,TRUE,FALSE,FALSE,FALSE,FALSE,FALSE,FALSE,FALSE,FALSE,FALSE,FALSE,FALSE,FALSE,FALSE,FALSE,FALSE,FALSE
45,S,G23222A,E554K,6.1,RBM,BA.2.86 JN.1,Escape from monoclonal antibodies zhou2024nature_communications,TRUE,FALSE,FALSE,FALSE,FALSE,FALSE,0.5,FALSE,FALSE,FALSE,FALSE,FALSE,FALSE,TRUE,FALSE,FALSE,FALSE,FALSE,FALSE,FALSE,FALSE,FALSE,FALSE,FALSE,FALSE,FALSE,TRUE,FALSE,FALSE,FALSE,FALSE,FALSE,FALSE
46,S,C22295A,H245N,6,NTD,BA.2.86 JN.1,Significantly increases ACE2 binding tamura2024virological,FALSE,FALSE,FALSE,TRUE,FALSE,FALSE,1.4,FALSE,FALSE,FALSE,FALSE,FALSE,FALSE,TRUE,FALSE,FALSE,FALSE,FALSE,FALSE,FALSE,FALSE,FALSE,FALSE,FALSE,FALSE,FALSE,TRUE,FALSE,FALSE,FALSE,FALSE,FALSE,FALSE
47,S,G22775A,D405N,5.5,RBD,BA.2 BA.4 BA.5 XBB XBB.1.5 EG.5.1 BA.2.86 JN.1,Escapes many neutralizing antibodies cao2022nature,TRUE,FALSE,FALSE,FALSE,FALSE,FALSE,1.3,FALSE,FALSE,FALSE,TRUE,FALSE,FALSE,FALSE,FALSE,FALSE,FALSE,FALSE,FALSE,FALSE,FALSE,FALSE,FALSE,FALSE,FALSE,FALSE,FALSE,FALSE,FALSE,FALSE,FALSE,FALSE,FALSE
48,S,C22353A,A264D,5.3,NTD,BA.2.86 JN.1,Increases ACE2 binding tamura2024virological,FALSE,FALSE,FALSE,TRUE,FALSE,FALSE,1.6,FALSE,FALSE,FALSE,FALSE,FALSE,FALSE,TRUE,FALSE,FALSE,FALSE,FALSE,FALSE,FALSE,FALSE,FALSE,FALSE,FALSE,FALSE,FALSE,TRUE,FALSE,FALSE,FALSE,FALSE,FALSE,FALSE
49,S,G21987A,G142D,5.3,NTD,Delta BA.1 BA.2 BA.4 BA.5 XBB XBB.1.5 EG.5.1 BA.2.86 JN.1,Increased resistance to NTD-speciÔ¨Åc nAbs Cui2022 Suryadevara2021,TRUE,FALSE,FALSE,FALSE,FALSE,FALSE,0.5,FALSE,FALSE,FALSE,TRUE,FALSE,FALSE,FALSE,TRUE,TRUE,FALSE,FALSE,FALSE,FALSE,FALSE,FALSE,FALSE,FALSE,FALSE,FALSE,FALSE,FALSE,FALSE,FALSE,FALSE,FALSE,FALSE
50,S,G24368T,D936Y,5.2,,,noindent{Increased infectivity mutation_impact_2020,FALSE,FALSE,TRUE,FALSE,FALSE,FALSE,1.3,FALSE,FALSE,FALSE,FALSE,FALSE,FALSE,FALSE,FALSE,FALSE,FALSE,FALSE,FALSE,FALSE,FALSE,FALSE,FALSE,FALSE,FALSE,FALSE,FALSE,FALSE,FALSE,FALSE,FALSE,FALSE,TRUE